job_title,company,original_url,platform,location,post_date
Customer Support Manager United States,Aircall,https://remoteok.comhttps://remoteOK.com/remote-jobs/remote-customer-support-manager-united-states-aircall-1093436,remoteok,Remote NA,2025-06-23T16:01:46+00:00
Freelance English Annotators,TransPerfect,https://remoteok.comhttps://remoteOK.com/remote-jobs/remote-freelance-english-annotators-transperfect-1093435,remoteok,,2025-06-23T16:01:01+00:00
Senior System Software Engineer Cloud Networking,2100 NVIDIA USA,https://remoteok.comhttps://remoteOK.com/remote-jobs/remote-senior-system-software-engineer-cloud-networking-2100-nvidia-usa-1093434,remoteok,"US, CA, Santa Clara",2025-06-22T16:00:09+00:00
Solutions Consultant,Highspot,https://remoteok.comhttps://remoteOK.com/remote-jobs/remote-solutions-consultant-highspot-1093433,remoteok,United States,2025-06-22T08:01:19+00:00
Print & Multimedia Designer,Tether Operations Limited,https://remoteok.comhttps://remoteOK.com/remote-jobs/remote-print-multimedia-designer-tether-operations-limited-1093432,remoteok,,2025-06-22T08:01:12+00:00
Senior Regulatory Specialist,DeepHealth,https://remoteok.comhttps://remoteOK.com/remote-jobs/remote-senior-regulatory-specialist-deephealth-1093431,remoteok,,2025-06-22T08:01:04+00:00
Grants Auditor Hybrid with Travel,Ibility,https://remoteok.comhttps://remoteOK.com/remote-jobs/remote-grants-auditor-hybrid-with-travel-ibility-1093430,remoteok,Washington DC,2025-06-22T00:01:41+00:00
Senior UI UX Designer Data & AI Platform,Soda,https://remoteok.comhttps://remoteOK.com/remote-jobs/remote-senior-ui-ux-designer-data-ai-platform-soda-1093427,remoteok,,2025-06-20T17:36:45+00:00
Compliance Operations Specialist,Ethena Labs,https://remoteok.comhttps://remoteOK.com/remote-jobs/remote-compliance-operations-specialist-ethena-labs-1093423,remoteok,Globally Remote,2025-06-20T11:00:05+00:00
Event Assistant,Tether Operations Limited,https://remoteok.comhttps://remoteOK.com/remote-jobs/remote-event-assistant-tether-operations-limited-1093421,remoteok,,2025-06-20T08:02:10+00:00
Site Reliability Engineer,Tinybird,https://remoteok.comhttps://remoteOK.com/remote-jobs/remote-site-reliability-engineer-tinybird-1093416,remoteok,,2025-06-19T16:01:21+00:00
Developer Relations Engineer,Arbitrum Foundation,https://remoteok.comhttps://remoteOK.com/remote-jobs/remote-developer-relations-engineer-arbitrum-foundation-1093415,remoteok,Remote,2025-06-19T12:00:02+00:00
Organic and Paid Growth Specialist,Interaction Design Foundation,https://remoteok.comhttps://remoteOK.com/remote-jobs/remote-organic-and-paid-growth-specialist-interaction-design-foundation-1093414,remoteok,,2025-06-19T08:51:50+00:00
Senior Full Stack Engineer,AMK Solutions,https://remoteok.comhttps://remoteOK.com/remote-jobs/remote-senior-full-stack-engineer-amk-solutions-1093412,remoteok,,2025-06-19T02:33:42+00:00
Founding Engineer,Teracy,https://remoteok.comhttps://remoteOK.com/remote-jobs/remote-founding-engineer-teracy-1093410,remoteok,,2025-06-18T22:44:47+00:00
Senior Backend Developer Node,Tether Operations Limited,https://remoteok.comhttps://remoteOK.com/remote-jobs/remote-senior-backend-developer-node-tether-operations-limited-1093406,remoteok,,2025-06-18T16:01:18+00:00
Enterprise Cloud Architect,Liatrio,https://remoteok.comhttps://remoteOK.com/remote-jobs/remote-enterprise-cloud-architect-liatrio-1093403,remoteok,Remote,2025-06-17T21:00:05+00:00
Senior WordPress Plugins Developer,Melapress,https://remoteok.comhttps://remoteOK.com/remote-jobs/remote-senior-wordpress-plugins-developer-melapress-1093402,remoteok,,2025-06-17T15:37:23+00:00
Senior AI Engineer Python & LLM Engineer,Lemon.io,https://remoteok.comhttps://remoteOK.com/remote-jobs/remote-senior-ai-engineer-python-llm-engineer-lemon-io-1093400,remoteok,,2025-06-17T14:32:25+00:00
Senior Golang Backend Engineer,Salesforge,https://remoteok.comhttps://remoteOK.com/remote-jobs/remote-senior-golang-backend-engineer-salesforge-1093398,remoteok,,2025-06-17T12:15:02+00:00
Opportunity for Golang Experts > who can think and work Full Stack,Autopilot,https://remoteok.comhttps://remoteOK.com/remote-jobs/remote-opportunity-for-golang-experts-who-can-think-and-work-full-stack-autopilot-1093399,remoteok,,2025-06-17T12:15:02+00:00
Senior Platform Engineer open across ANZ,Canva,https://remoteok.comhttps://remoteOK.com/remote-jobs/remote-senior-platform-engineer-open-across-anz-canva-1093391,remoteok,,2025-06-16T22:15:02+00:00
Senior Software Engineer,Magnet Forensics,https://remoteok.comhttps://remoteOK.com/remote-jobs/remote-senior-software-engineer-magnet-forensics-1093389,remoteok,Canada,2025-06-16T18:00:04+00:00
Freelance English Annotators,TransPerfect,https://remoteok.comhttps://remoteOK.com/remote-jobs/remote-freelance-english-annotators-transperfect-1093388,remoteok,,2025-06-16T16:01:12+00:00
Principal Software Engineer,JumpCloud,https://remoteok.comhttps://remoteOK.com/remote-jobs/remote-principal-software-engineer-jumpcloud-1093387,remoteok,,2025-06-16T14:15:02+00:00
Registered Dietitian,Foodsmart,https://remoteok.comhttps://remoteOK.com/remote-jobs/remote-registered-dietitian-foodsmart-1093385,remoteok,US,2025-06-16T08:01:35+00:00
Market Research Executive,Sprinto,https://remoteok.comhttps://remoteOK.com/remote-jobs/remote-market-research-executive-sprinto-1093384,remoteok,Bengaluru,2025-06-16T00:02:23+00:00
Lifecycle Marketer,Sprinto,https://remoteok.comhttps://remoteOK.com/remote-jobs/remote-lifecycle-marketer-sprinto-1093383,remoteok,India,2025-06-16T00:02:15+00:00
Creative Event Producer Fully,Meeting Tomorrow,https://remoteok.comhttps://remoteOK.com/remote-jobs/remote-creative-event-producer-fully-meeting-tomorrow-1093382,remoteok,Remote - United States only,2025-06-16T00:02:03+00:00
Account Executive,"Swiftly, Inc.",https://remoteok.comhttps://remoteOK.com/remote-jobs/remote-account-executive-swiftly-inc-1093381,remoteok,Remote,2025-06-16T00:01:56+00:00
Site Reliability Engineer,PayNearMe,https://remoteok.comhttps://remoteOK.com/remote-jobs/remote-site-reliability-engineer-paynearme-1093380,remoteok,,2025-06-15T18:15:03+00:00
Senior Golang Software Engineer,QAD,https://remoteok.comhttps://remoteOK.com/remote-jobs/remote-senior-golang-software-engineer-qad-1093376,remoteok,,2025-06-15T10:15:02+00:00
Event Assistant,Tether Operations Limited,https://remoteok.comhttps://remoteOK.com/remote-jobs/remote-event-assistant-tether-operations-limited-1093373,remoteok,,2025-06-14T16:01:18+00:00
Staff Physician,Vida Health,https://remoteok.comhttps://remoteOK.com/remote-jobs/remote-staff-physician-vida-health-1093372,remoteok,United States,2025-06-14T16:01:03+00:00
Content and Community Lead,Ethena Labs,https://remoteok.comhttps://remoteOK.com/remote-jobs/remote-content-and-community-lead-ethena-labs-1093370,remoteok,Globally Remote,2025-06-14T15:00:02+00:00
Data Engineer Fully,SOFTGAMES,https://remoteok.comhttps://remoteOK.com/remote-jobs/remote-data-engineer-fully-softgames-1093369,remoteok,,2025-06-14T08:01:27+00:00
Sales Development Representative ANZ,Hostaway,https://remoteok.comhttps://remoteOK.com/remote-jobs/remote-sales-development-representative-anz-hostaway-1093368,remoteok,,2025-06-14T00:01:32+00:00
Personal Assistant,The Sales Centre Co.,https://remoteok.comhttps://remoteOK.com/remote-jobs/remote-personal-assistant-the-sales-centre-co-1093366,remoteok,,2025-06-13T16:00:43+00:00
Software Engineering Team Lead,bloXroute Labs,https://remoteok.comhttps://remoteOK.com/remote-jobs/remote-software-engineering-team-lead-bloxroute-labs-1093363,remoteok,Remote,2025-06-13T08:00:03+00:00
Flutter Developer,Gorin Systems,https://remoteok.comhttps://remoteOK.com/remote-jobs/remote-flutter-developer-gorin-systems-1093360,remoteok,,2025-06-13T00:01:12+00:00
Virtual Assistant $25 Hourly,Brookview Lawncare,https://remoteok.comhttps://remoteOK.com/remote-jobs/remote-virtual-assistant-25-hourly-brookview-lawncare-1093358,remoteok,,2025-06-12T16:51:34+00:00
Onboarding Specialist French Speaking Spain Italy Portugal UK,Hostaway,https://remoteok.comhttps://remoteOK.com/remote-jobs/remote-onboarding-specialist-french-speaking-spain-italy-portugal-uk-hostaway-1093357,remoteok,,2025-06-12T16:01:50+00:00
Personal Assistant,The Sales Centre Co.,https://remoteok.comhttps://remoteOK.com/remote-jobs/remote-personal-assistant-the-sales-centre-co-1093356,remoteok,,2025-06-12T16:00:47+00:00
Project Manager,RainFocus,https://remoteok.comhttps://remoteOK.com/remote-jobs/remote-project-manager-rainfocus-1093355,remoteok,"Lehi, Utah",2025-06-12T16:00:37+00:00
Head of APAC BD,Jito Foundation,https://remoteok.comhttps://remoteOK.com/remote-jobs/remote-head-of-apac-bd-jito-foundation-1093353,remoteok,"Remote, Singapore &amp; HK preferred - other APAC locations considered",2025-06-12T10:00:02+00:00
Software Development Engineer,Triple A Technologies Pte,https://remoteok.comhttps://remoteOK.com/remote-jobs/remote-software-development-engineer-triple-a-technologies-pte-1093351,remoteok,,2025-06-12T08:15:02+00:00
Token Plan Administrator,Toku,https://remoteok.comhttps://remoteOK.com/remote-jobs/remote-token-plan-administrator-toku-1093348,remoteok,United States,2025-06-11T18:00:04+00:00
Senior Staff Engineer Infrastructure,Pryon,https://remoteok.comhttps://remoteOK.com/remote-jobs/remote-senior-staff-engineer-infrastructure-pryon-1093343,remoteok,,2025-06-10T21:00:06+00:00
Social Media Manager,Caiz,https://remoteok.comhttps://remoteOK.com/remote-jobs/remote-social-media-manager-caiz-1093342,remoteok,,2025-06-10T19:00:03+00:00
Senior Backend Engineer,MoonPay,https://remoteok.comhttps://remoteOK.com/remote-jobs/remote-senior-backend-engineer-moonpay-1093336,remoteok,,2025-06-09T13:00:02+00:00
Senior UI Engineer Senior Frontend Engineer,Toku,https://remoteok.comhttps://remoteOK.com/remote-jobs/remote-senior-ui-engineer-senior-frontend-engineer-toku-1093332,remoteok,,2025-06-09T10:00:12+00:00
Blockchain Engineer,MoonPay,https://remoteok.comhttps://remoteOK.com/remote-jobs/remote-blockchain-engineer-moonpay-1093331,remoteok,,2025-06-09T10:00:03+00:00
Senior Crypto and Open Source Intelligence Specialist,Ontario Securities Commission,https://remoteok.comhttps://remoteOK.com/remote-jobs/remote-senior-crypto-and-open-source-intelligence-specialist-ontario-securities-commission-1093329,remoteok,CA ON Toronto,2025-06-09T06:00:04+00:00
Senior Systems Engineer Autonomous Vehicle Infrastructure,2100 NVIDIA USA,https://remoteok.comhttps://remoteOK.com/remote-jobs/remote-senior-systems-engineer-autonomous-vehicle-infrastructure-2100-nvidia-usa-1093327,remoteok,"US, CA, Santa Clara",2025-06-08T16:00:07+00:00
Senior Production Engineer,110 Yahoo Holdings Inc.,https://remoteok.comhttps://remoteOK.com/remote-jobs/remote-senior-production-engineer-110-yahoo-holdings-inc-1093325,remoteok,US - United States of America,2025-06-07T20:00:07+00:00
Associate Senior Associate Underwriting Real Estate Finance,Forbright Bank,https://remoteok.comhttps://remoteOK.com/remote-jobs/remote-associate-senior-associate-underwriting-real-estate-finance-forbright-bank-1093324,remoteok,"Los Angeles, CA",2025-06-07T00:00:09+00:00
Software Engineer,ControlShift,https://remoteok.comhttps://remoteOK.com/remote-jobs/remote-software-engineer-controlshift-1093322,remoteok,,2025-06-06T16:04:08+00:00
Sales Development Representative,Colibri Group,https://remoteok.comhttps://remoteOK.com/remote-jobs/remote-sales-development-representative-colibri-group-1093321,remoteok,1 Remote,2025-06-06T12:00:04+00:00
Business Development Executive,Notabene,https://remoteok.comhttps://remoteOK.com/remote-jobs/remote-business-development-executive-notabene-1093319,remoteok,,2025-06-06T10:00:03+00:00
Rater the United States,TELUS Digital,https://remoteok.comhttps://remoteOK.com/remote-jobs/remote-rater-the-united-states-telus-digital-1093315,remoteok,,2025-06-05T09:11:11+00:00
Senior Backend Software Engineer,Bitwise Asset Management,https://remoteok.comhttps://remoteOK.com/remote-jobs/remote-senior-backend-software-engineer-bitwise-asset-management-1093313,remoteok,Remote,2025-06-05T09:00:10+00:00
Senior Application Security Engineer,Loop,https://remoteok.comhttps://remoteOK.com/remote-jobs/remote-senior-application-security-engineer-loop-1093311,remoteok,,2025-06-04T22:00:05+00:00
Virtual Assistant Latin America,Walter,https://remoteok.comhttps://remoteOK.com/remote-jobs/remote-virtual-assistant-latin-america-walter-1093309,remoteok,,2025-06-04T18:13:14+00:00
Advogada Junior Trabalhista,Neon Pagamentos,https://remoteok.comhttps://remoteOK.com/remote-jobs/remote-advogada-junior-trabalhista-neon-pagamentos-1093307,remoteok,Remoto,2025-06-04T00:00:08+00:00
Senior AI Marketing Video Editor,EverAI,https://remoteok.comhttps://remoteOK.com/remote-jobs/remote-senior-ai-marketing-video-editor-everai-1093304,remoteok,,2025-06-03T17:08:10+00:00
Sales Development Representative Europe,Hostaway,https://remoteok.comhttps://remoteOK.com/remote-jobs/remote-sales-development-representative-europe-hostaway-1093301,remoteok,,2025-06-03T08:02:27+00:00
Senior Product Manager Payments Europe,Hostaway,https://remoteok.comhttps://remoteOK.com/remote-jobs/remote-senior-product-manager-payments-europe-hostaway-1093300,remoteok,,2025-06-03T08:02:04+00:00
Account Executive,Leadr ,https://remoteok.comhttps://remoteOK.com/remote-jobs/remote-account-executive-leadr-1093299,remoteok,United States,2025-06-03T08:01:00+00:00
Sales Engineer EN,Tameson,https://remoteok.comhttps://remoteOK.com/remote-jobs/remote-sales-engineer-en-tameson-1093298,remoteok,,2025-06-03T08:00:52+00:00
Social Media Manager,Caiz,https://remoteok.comhttps://remoteOK.com/remote-jobs/remote-social-media-manager-caiz-1093296,remoteok,,2025-06-03T00:00:04+00:00
Lead Data Engineer,Open Architects,https://remoteok.comhttps://remoteOK.com/remote-jobs/remote-lead-data-engineer-open-architects-1093295,remoteok,,2025-06-02T22:32:54+00:00
Senior DevOps Engineer,EasyPost,https://remoteok.comhttps://remoteOK.com/remote-jobs/remote-senior-devops-engineer-easypost-1093294,remoteok,Remote,2025-06-02T18:00:03+00:00
Data Analyst Canada Wide,Newton,https://remoteok.comhttps://remoteOK.com/remote-jobs/remote-data-analyst-canada-wide-newton-1093292,remoteok,"Toronto, Ontario",2025-06-02T13:00:11+00:00
Product Engineer,Zen Educate,https://remoteok.comhttps://remoteOK.com/remote-jobs/remote-product-engineer-zen-educate-1093291,remoteok,London,2025-06-02T12:00:03+00:00
Data Scientist,The Voleon Group,https://remoteok.comhttps://remoteOK.com/remote-jobs/remote-data-scientist-the-voleon-group-1093286,remoteok,United States or Remote,2025-06-01T05:00:02+00:00
Principal DevSecOps Engineer,Second Front Systems,https://remoteok.comhttps://remoteOK.com/remote-jobs/remote-principal-devsecops-engineer-second-front-systems-1093284,remoteok,Remote,2025-05-31T13:00:14+00:00
Software Engineer II,Everbridge ,https://remoteok.comhttps://remoteOK.com/remote-jobs/remote-software-engineer-ii-everbridge-1093283,remoteok,United States,2025-05-31T00:00:08+00:00
Video Editor and Content Creator,Ritual,https://remoteok.comhttps://remoteOK.com/remote-jobs/remote-video-editor-and-content-creator-ritual-1093277,remoteok,Remote,2025-05-30T05:00:02+00:00
Senior React Native SDK Engineer,Nami ML,https://remoteok.comhttps://remoteOK.com/remote-jobs/remote-senior-react-native-sdk-engineer-nami-ml-1093276,remoteok,,2025-05-29T22:36:46+00:00
Ruby on Rails Engineer,EverAI,https://remoteok.comhttps://remoteOK.com/remote-jobs/remote-ruby-on-rails-engineer-everai-1093272,remoteok,,2025-05-29T17:55:24+00:00
Senior Backend Engineer,Raya,https://remoteok.comhttps://remoteOK.com/remote-jobs/remote-senior-backend-engineer-raya-1093271,remoteok,Remote,2025-05-29T16:00:09+00:00
UX Designer II,Zeta,https://remoteok.comhttps://remoteOK.com/remote-jobs/remote-ux-designer-ii-zeta-1093268,remoteok,Bangalore,2025-05-29T12:00:35+00:00
Tech Cofounder CTO,Founders Factory,https://remoteok.comhttps://remoteOK.com/remote-jobs/remote-tech-cofounder-cto-founders-factory-1093267,remoteok,,2025-05-29T11:44:49+00:00
Meta Ads Specialist,97Focus,https://remoteok.comhttps://remoteOK.com/remote-jobs/remote-meta-ads-specialist-97focus-1093265,remoteok,,2025-05-29T08:27:40+00:00
DeFi Sales & Business Development Manager,HELIX,https://remoteok.comhttps://remoteOK.com/remote-jobs/remote-defi-sales-business-development-manager-helix-1093261,remoteok,,2025-05-28T19:00:05+00:00
Senior Backend Engineer,HockeyStack,https://remoteok.comhttps://remoteOK.com/remote-jobs/remote-senior-backend-engineer-hockeystack-1093257,remoteok,,2025-05-27T21:55:03+00:00
Frontend Software Engineer,Bitwise Asset Management,https://remoteok.comhttps://remoteOK.com/remote-jobs/remote-frontend-software-engineer-bitwise-asset-management-1093256,remoteok,Remote,2025-05-27T18:00:03+00:00
Wattpad Marketing Intern,WEBTOON Entertainment Inc. (Wattpad &amp; WEBTOON Family of Brands),https://remoteok.comhttps://remoteOK.com/remote-jobs/remote-wattpad-marketing-intern-webtoon-entertainment-inc-wattpad-amp-webtoon-family-of-brands-1093255,remoteok,"Toronto, Ontario",2025-05-27T16:00:24+00:00
Senior Full stack Developer,Lemon.io,https://remoteok.comhttps://remoteOK.com/remote-jobs/remote-senior-full-stack-developer-lemon-io-1093252,remoteok,,2025-05-27T09:56:21+00:00
Senior Account Lead,Sanctuary Computer,https://remoteok.comhttps://remoteOK.com/remote-jobs/remote-senior-account-lead-sanctuary-computer-1093250,remoteok,,2025-05-26T15:46:29+00:00
Developer Productivity Engineer,Narwhal Technologies Inc.,https://remoteok.comhttps://remoteOK.com/remote-jobs/remote-developer-productivity-engineer-narwhal-technologies-inc-1093249,remoteok,Remote,2025-05-26T13:00:02+00:00
Growth Analyst Financial Institutions Group,Anchorage Digital,https://remoteok.comhttps://remoteOK.com/remote-jobs/remote-growth-analyst-financial-institutions-group-anchorage-digital-1093248,remoteok,United States,2025-05-26T12:00:03+00:00
Paid Media Designer,Flex,https://remoteok.comhttps://remoteOK.com/remote-jobs/remote-paid-media-designer-flex-1093247,remoteok,Remote,2025-05-26T11:00:03+00:00
Spanish Speaking Software Support Engineer,Payara,https://remoteok.comhttps://remoteOK.com/remote-jobs/remote-spanish-speaking-software-support-engineer-payara-1093246,remoteok,,2025-05-26T09:05:18+00:00
Full Stack .NET Developer,Smart Working Solutions,https://remoteok.comhttps://remoteOK.com/remote-jobs/remote-full-stack-net-developer-smart-working-solutions-1093245,remoteok,,2025-05-26T08:00:04+00:00
AI Technical Program Manager,Dscout,https://remoteok.comhttps://remoteOK.com/remote-jobs/remote-ai-technical-program-manager-dscout-1093243,remoteok,United States,2025-05-26T00:03:30+00:00
Implementation Specialist,Distru,https://remoteok.comhttps://remoteOK.com/remote-jobs/remote-implementation-specialist-distru-1093242,remoteok,Remote,2025-05-26T00:03:18+00:00
Certified Medical Assistant,Everly Health,https://remoteok.comhttps://remoteOK.com/remote-jobs/remote-certified-medical-assistant-everly-health-1093241,remoteok,Nationwide,2025-05-26T00:03:11+00:00
Research Analyst Law Librarian,"ACCUFILE, INC.",https://remoteok.comhttps://remoteOK.com/remote-jobs/remote-research-analyst-law-librarian-accufile-inc-1093240,remoteok,,2025-05-26T00:03:05+00:00
