job_title,company,original_url,poster_name,poster_linkedin,poster_title,poster_type,confidence,reason,meta_scrape_status,org_search_status,poster_email,poster_phone,poster_twitter,poster_github,contact_source
Customer Support Manager United States,Aircall,https://remoteok.comhttps://remoteOK.com/remote-jobs/remote-customer-support-manager-united-states-aircall-1093436,,,,,,,,,,,,,
Freelance English Annotators,TransPerfect,https://remoteok.comhttps://remoteOK.com/remote-jobs/remote-freelance-english-annotators-transperfect-1093435,,,,,,,,,,,,,
Senior System Software Engineer Cloud Networking,2100 NVIDIA USA,https://remoteok.comhttps://remoteOK.com/remote-jobs/remote-senior-system-software-engineer-cloud-networking-2100-nvidia-usa-1093434,,,,,,,,,,,,,
Solutions Consultant,Highspot,https://remoteok.comhttps://remoteOK.com/remote-jobs/remote-solutions-consultant-highspot-1093433,,,,,,,,,,,,,
Print & Multimedia Designer,Tether Operations Limited,https://remoteok.comhttps://remoteOK.com/remote-jobs/remote-print-multimedia-designer-tether-operations-limited-1093432,,,,,,,,,,,,,
Senior Regulatory Specialist,DeepHealth,https://remoteok.comhttps://remoteOK.com/remote-jobs/remote-senior-regulatory-specialist-deephealth-1093431,,,,,,,,,,,,,
Grants Auditor Hybrid with Travel,Ibility,https://remoteok.comhttps://remoteOK.com/remote-jobs/remote-grants-auditor-hybrid-with-travel-ibility-1093430,,,,,,,,,,,,,
Senior UI UX Designer Data & AI Platform,Soda,https://remoteok.comhttps://remoteOK.com/remote-jobs/remote-senior-ui-ux-designer-data-ai-platform-soda-1093427,,,,,,,,,,,,,
Compliance Operations Specialist,Ethena Labs,https://remoteok.comhttps://remoteOK.com/remote-jobs/remote-compliance-operations-specialist-ethena-labs-1093423,,,,,,,,,,,,,
Event Assistant,Tether Operations Limited,https://remoteok.comhttps://remoteOK.com/remote-jobs/remote-event-assistant-tether-operations-limited-1093421,,,,,,,,,,,,,
Site Reliability Engineer,Tinybird,https://remoteok.comhttps://remoteOK.com/remote-jobs/remote-site-reliability-engineer-tinybird-1093416,,,,,,,,,,,,,
Developer Relations Engineer,Arbitrum Foundation,https://remoteok.comhttps://remoteOK.com/remote-jobs/remote-developer-relations-engineer-arbitrum-foundation-1093415,,,,,,,,,,,,,
Organic and Paid Growth Specialist,Interaction Design Foundation,https://remoteok.comhttps://remoteOK.com/remote-jobs/remote-organic-and-paid-growth-specialist-interaction-design-foundation-1093414,,,,,,,,,,,,,
Senior Full Stack Engineer,AMK Solutions,https://remoteok.comhttps://remoteOK.com/remote-jobs/remote-senior-full-stack-engineer-amk-solutions-1093412,,,,,,,,,,,,,
Founding Engineer,Teracy,https://remoteok.comhttps://remoteOK.com/remote-jobs/remote-founding-engineer-teracy-1093410,,,,,,,,,,,,,
Senior Backend Developer Node,Tether Operations Limited,https://remoteok.comhttps://remoteOK.com/remote-jobs/remote-senior-backend-developer-node-tether-operations-limited-1093406,,,,,,,,,,,,,
Enterprise Cloud Architect,Liatrio,https://remoteok.comhttps://remoteOK.com/remote-jobs/remote-enterprise-cloud-architect-liatrio-1093403,,,,,,,,,,,,,
Senior WordPress Plugins Developer,Melapress,https://remoteok.comhttps://remoteOK.com/remote-jobs/remote-senior-wordpress-plugins-developer-melapress-1093402,,,,,,,,,,,,,
Senior AI Engineer Python & LLM Engineer,Lemon.io,https://remoteok.comhttps://remoteOK.com/remote-jobs/remote-senior-ai-engineer-python-llm-engineer-lemon-io-1093400,,,,,,,,,,,,,
Senior Golang Backend Engineer,Salesforge,https://remoteok.comhttps://remoteOK.com/remote-jobs/remote-senior-golang-backend-engineer-salesforge-1093398,,,,,,,,,,,,,
Opportunity for Golang Experts > who can think and work Full Stack,Autopilot,https://remoteok.comhttps://remoteOK.com/remote-jobs/remote-opportunity-for-golang-experts-who-can-think-and-work-full-stack-autopilot-1093399,,,,,,,,,,,,,
Senior Platform Engineer open across ANZ,Canva,https://remoteok.comhttps://remoteOK.com/remote-jobs/remote-senior-platform-engineer-open-across-anz-canva-1093391,,,,,,,,,,,,,
Senior Software Engineer,Magnet Forensics,https://remoteok.comhttps://remoteOK.com/remote-jobs/remote-senior-software-engineer-magnet-forensics-1093389,,,,,,,,,,,,,
Freelance English Annotators,TransPerfect,https://remoteok.comhttps://remoteOK.com/remote-jobs/remote-freelance-english-annotators-transperfect-1093388,,,,,,,,,,,,,
Principal Software Engineer,JumpCloud,https://remoteok.comhttps://remoteOK.com/remote-jobs/remote-principal-software-engineer-jumpcloud-1093387,,,,,,,,,,,,,
Registered Dietitian,Foodsmart,https://remoteok.comhttps://remoteOK.com/remote-jobs/remote-registered-dietitian-foodsmart-1093385,,,,,,,,,,,,,
Market Research Executive,Sprinto,https://remoteok.comhttps://remoteOK.com/remote-jobs/remote-market-research-executive-sprinto-1093384,,,,,,,,,,,,,
Lifecycle Marketer,Sprinto,https://remoteok.comhttps://remoteOK.com/remote-jobs/remote-lifecycle-marketer-sprinto-1093383,,,,,,,,,,,,,
Creative Event Producer Fully,Meeting Tomorrow,https://remoteok.comhttps://remoteOK.com/remote-jobs/remote-creative-event-producer-fully-meeting-tomorrow-1093382,,,,,,,,,,,,,
Account Executive,"Swiftly, Inc.",https://remoteok.comhttps://remoteOK.com/remote-jobs/remote-account-executive-swiftly-inc-1093381,,,,,,,,,,,,,
Site Reliability Engineer,PayNearMe,https://remoteok.comhttps://remoteOK.com/remote-jobs/remote-site-reliability-engineer-paynearme-1093380,,,,,,,,,,,,,
Senior Golang Software Engineer,QAD,https://remoteok.comhttps://remoteOK.com/remote-jobs/remote-senior-golang-software-engineer-qad-1093376,,,,,,,,,,,,,
Event Assistant,Tether Operations Limited,https://remoteok.comhttps://remoteOK.com/remote-jobs/remote-event-assistant-tether-operations-limited-1093373,,,,,,,,,,,,,
Staff Physician,Vida Health,https://remoteok.comhttps://remoteOK.com/remote-jobs/remote-staff-physician-vida-health-1093372,,,,,,,,,,,,,
Content and Community Lead,Ethena Labs,https://remoteok.comhttps://remoteOK.com/remote-jobs/remote-content-and-community-lead-ethena-labs-1093370,,,,,,,,,,,,,
Data Engineer Fully,SOFTGAMES,https://remoteok.comhttps://remoteOK.com/remote-jobs/remote-data-engineer-fully-softgames-1093369,,,,,,,,,,,,,
Sales Development Representative ANZ,Hostaway,https://remoteok.comhttps://remoteOK.com/remote-jobs/remote-sales-development-representative-anz-hostaway-1093368,,,,,,,,,,,,,
Personal Assistant,The Sales Centre Co.,https://remoteok.comhttps://remoteOK.com/remote-jobs/remote-personal-assistant-the-sales-centre-co-1093366,,,,,,,,,,,,,
Software Engineering Team Lead,bloXroute Labs,https://remoteok.comhttps://remoteOK.com/remote-jobs/remote-software-engineering-team-lead-bloxroute-labs-1093363,,,,,,,,,,,,,
Flutter Developer,Gorin Systems,https://remoteok.comhttps://remoteOK.com/remote-jobs/remote-flutter-developer-gorin-systems-1093360,,,,,,,,,,,,,
Virtual Assistant $25 Hourly,Brookview Lawncare,https://remoteok.comhttps://remoteOK.com/remote-jobs/remote-virtual-assistant-25-hourly-brookview-lawncare-1093358,,,,,,,,,,,,,
Onboarding Specialist French Speaking Spain Italy Portugal UK,Hostaway,https://remoteok.comhttps://remoteOK.com/remote-jobs/remote-onboarding-specialist-french-speaking-spain-italy-portugal-uk-hostaway-1093357,,,,,,,,,,,,,
Personal Assistant,The Sales Centre Co.,https://remoteok.comhttps://remoteOK.com/remote-jobs/remote-personal-assistant-the-sales-centre-co-1093356,,,,,,,,,,,,,
Project Manager,RainFocus,https://remoteok.comhttps://remoteOK.com/remote-jobs/remote-project-manager-rainfocus-1093355,,,,,,,,,,,,,
Head of APAC BD,Jito Foundation,https://remoteok.comhttps://remoteOK.com/remote-jobs/remote-head-of-apac-bd-jito-foundation-1093353,,,,,,,,,,,,,
Software Development Engineer,Triple A Technologies Pte,https://remoteok.comhttps://remoteOK.com/remote-jobs/remote-software-development-engineer-triple-a-technologies-pte-1093351,,,,,,,,,,,,,
Token Plan Administrator,Toku,https://remoteok.comhttps://remoteOK.com/remote-jobs/remote-token-plan-administrator-toku-1093348,,,,,,,,,,,,,
Senior Staff Engineer Infrastructure,Pryon,https://remoteok.comhttps://remoteOK.com/remote-jobs/remote-senior-staff-engineer-infrastructure-pryon-1093343,,,,,,,,,,,,,
Social Media Manager,Caiz,https://remoteok.comhttps://remoteOK.com/remote-jobs/remote-social-media-manager-caiz-1093342,,,,,,,,,,,,,
Senior Backend Engineer,MoonPay,https://remoteok.comhttps://remoteOK.com/remote-jobs/remote-senior-backend-engineer-moonpay-1093336,,,,,,,,,,,,,
Senior UI Engineer Senior Frontend Engineer,Toku,https://remoteok.comhttps://remoteOK.com/remote-jobs/remote-senior-ui-engineer-senior-frontend-engineer-toku-1093332,,,,,,,,,,,,,
Blockchain Engineer,MoonPay,https://remoteok.comhttps://remoteOK.com/remote-jobs/remote-blockchain-engineer-moonpay-1093331,,,,,,,,,,,,,
Senior Crypto and Open Source Intelligence Specialist,Ontario Securities Commission,https://remoteok.comhttps://remoteOK.com/remote-jobs/remote-senior-crypto-and-open-source-intelligence-specialist-ontario-securities-commission-1093329,,,,,,,,,,,,,
Senior Systems Engineer Autonomous Vehicle Infrastructure,2100 NVIDIA USA,https://remoteok.comhttps://remoteOK.com/remote-jobs/remote-senior-systems-engineer-autonomous-vehicle-infrastructure-2100-nvidia-usa-1093327,,,,,,,,,,,,,
Senior Production Engineer,110 Yahoo Holdings Inc.,https://remoteok.comhttps://remoteOK.com/remote-jobs/remote-senior-production-engineer-110-yahoo-holdings-inc-1093325,,,,,,,,,,,,,
Associate Senior Associate Underwriting Real Estate Finance,Forbright Bank,https://remoteok.comhttps://remoteOK.com/remote-jobs/remote-associate-senior-associate-underwriting-real-estate-finance-forbright-bank-1093324,,,,,,,,,,,,,
Software Engineer,ControlShift,https://remoteok.comhttps://remoteOK.com/remote-jobs/remote-software-engineer-controlshift-1093322,,,,,,,,,,,,,
Sales Development Representative,Colibri Group,https://remoteok.comhttps://remoteOK.com/remote-jobs/remote-sales-development-representative-colibri-group-1093321,,,,,,,,,,,,,
Business Development Executive,Notabene,https://remoteok.comhttps://remoteOK.com/remote-jobs/remote-business-development-executive-notabene-1093319,,,,,,,,,,,,,
Rater the United States,TELUS Digital,https://remoteok.comhttps://remoteOK.com/remote-jobs/remote-rater-the-united-states-telus-digital-1093315,,,,,,,,,,,,,
Senior Backend Software Engineer,Bitwise Asset Management,https://remoteok.comhttps://remoteOK.com/remote-jobs/remote-senior-backend-software-engineer-bitwise-asset-management-1093313,,,,,,,,,,,,,
Senior Application Security Engineer,Loop,https://remoteok.comhttps://remoteOK.com/remote-jobs/remote-senior-application-security-engineer-loop-1093311,,,,,,,,,,,,,
Virtual Assistant Latin America,Walter,https://remoteok.comhttps://remoteOK.com/remote-jobs/remote-virtual-assistant-latin-america-walter-1093309,,,,,,,,,,,,,
Advogada Junior Trabalhista,Neon Pagamentos,https://remoteok.comhttps://remoteOK.com/remote-jobs/remote-advogada-junior-trabalhista-neon-pagamentos-1093307,,,,,,,,,,,,,
Senior AI Marketing Video Editor,EverAI,https://remoteok.comhttps://remoteOK.com/remote-jobs/remote-senior-ai-marketing-video-editor-everai-1093304,,,,,,,,,,,,,
Sales Development Representative Europe,Hostaway,https://remoteok.comhttps://remoteOK.com/remote-jobs/remote-sales-development-representative-europe-hostaway-1093301,,,,,,,,,,,,,
Senior Product Manager Payments Europe,Hostaway,https://remoteok.comhttps://remoteOK.com/remote-jobs/remote-senior-product-manager-payments-europe-hostaway-1093300,,,,,,,,,,,,,
Account Executive,Leadr ,https://remoteok.comhttps://remoteOK.com/remote-jobs/remote-account-executive-leadr-1093299,,,,,,,,,,,,,
Sales Engineer EN,Tameson,https://remoteok.comhttps://remoteOK.com/remote-jobs/remote-sales-engineer-en-tameson-1093298,,,,,,,,,,,,,
Social Media Manager,Caiz,https://remoteok.comhttps://remoteOK.com/remote-jobs/remote-social-media-manager-caiz-1093296,,,,,,,,,,,,,
Lead Data Engineer,Open Architects,https://remoteok.comhttps://remoteOK.com/remote-jobs/remote-lead-data-engineer-open-architects-1093295,,,,,,,,,,,,,
Senior DevOps Engineer,EasyPost,https://remoteok.comhttps://remoteOK.com/remote-jobs/remote-senior-devops-engineer-easypost-1093294,,,,,,,,,,,,,
Data Analyst Canada Wide,Newton,https://remoteok.comhttps://remoteOK.com/remote-jobs/remote-data-analyst-canada-wide-newton-1093292,,,,,,,,,,,,,
Product Engineer,Zen Educate,https://remoteok.comhttps://remoteOK.com/remote-jobs/remote-product-engineer-zen-educate-1093291,,,,,,,,,,,,,
Data Scientist,The Voleon Group,https://remoteok.comhttps://remoteOK.com/remote-jobs/remote-data-scientist-the-voleon-group-1093286,,,,,,,,,,,,,
Principal DevSecOps Engineer,Second Front Systems,https://remoteok.comhttps://remoteOK.com/remote-jobs/remote-principal-devsecops-engineer-second-front-systems-1093284,,,,,,,,,,,,,
Software Engineer II,Everbridge ,https://remoteok.comhttps://remoteOK.com/remote-jobs/remote-software-engineer-ii-everbridge-1093283,,,,,,,,,,,,,
Video Editor and Content Creator,Ritual,https://remoteok.comhttps://remoteOK.com/remote-jobs/remote-video-editor-and-content-creator-ritual-1093277,,,,,,,,,,,,,
Senior React Native SDK Engineer,Nami ML,https://remoteok.comhttps://remoteOK.com/remote-jobs/remote-senior-react-native-sdk-engineer-nami-ml-1093276,,,,,,,,,,,,,
Ruby on Rails Engineer,EverAI,https://remoteok.comhttps://remoteOK.com/remote-jobs/remote-ruby-on-rails-engineer-everai-1093272,,,,,,,,,,,,,
Senior Backend Engineer,Raya,https://remoteok.comhttps://remoteOK.com/remote-jobs/remote-senior-backend-engineer-raya-1093271,,,,,,,,,,,,,
UX Designer II,Zeta,https://remoteok.comhttps://remoteOK.com/remote-jobs/remote-ux-designer-ii-zeta-1093268,,,,,,,,,,,,,
Tech Cofounder CTO,Founders Factory,https://remoteok.comhttps://remoteOK.com/remote-jobs/remote-tech-cofounder-cto-founders-factory-1093267,,,,,,,,,,,,,
Meta Ads Specialist,97Focus,https://remoteok.comhttps://remoteOK.com/remote-jobs/remote-meta-ads-specialist-97focus-1093265,,,,,,,,,,,,,
DeFi Sales & Business Development Manager,HELIX,https://remoteok.comhttps://remoteOK.com/remote-jobs/remote-defi-sales-business-development-manager-helix-1093261,,,,,,,,,,,,,
Senior Backend Engineer,HockeyStack,https://remoteok.comhttps://remoteOK.com/remote-jobs/remote-senior-backend-engineer-hockeystack-1093257,,,,,,,,,,,,,
Frontend Software Engineer,Bitwise Asset Management,https://remoteok.comhttps://remoteOK.com/remote-jobs/remote-frontend-software-engineer-bitwise-asset-management-1093256,,,,,,,,,,,,,
Wattpad Marketing Intern,WEBTOON Entertainment Inc. (Wattpad &amp; WEBTOON Family of Brands),https://remoteok.comhttps://remoteOK.com/remote-jobs/remote-wattpad-marketing-intern-webtoon-entertainment-inc-wattpad-amp-webtoon-family-of-brands-1093255,,,,,,,,,,,,,
Senior Full stack Developer,Lemon.io,https://remoteok.comhttps://remoteOK.com/remote-jobs/remote-senior-full-stack-developer-lemon-io-1093252,,,,,,,,,,,,,
Senior Account Lead,Sanctuary Computer,https://remoteok.comhttps://remoteOK.com/remote-jobs/remote-senior-account-lead-sanctuary-computer-1093250,,,,,,,,,,,,,
Developer Productivity Engineer,Narwhal Technologies Inc.,https://remoteok.comhttps://remoteOK.com/remote-jobs/remote-developer-productivity-engineer-narwhal-technologies-inc-1093249,,,,,,,,,,,,,
Growth Analyst Financial Institutions Group,Anchorage Digital,https://remoteok.comhttps://remoteOK.com/remote-jobs/remote-growth-analyst-financial-institutions-group-anchorage-digital-1093248,,,,,,,,,,,,,
Paid Media Designer,Flex,https://remoteok.comhttps://remoteOK.com/remote-jobs/remote-paid-media-designer-flex-1093247,,,,,,,,,,,,,
Spanish Speaking Software Support Engineer,Payara,https://remoteok.comhttps://remoteOK.com/remote-jobs/remote-spanish-speaking-software-support-engineer-payara-1093246,,,,,,,,,,,,,
Full Stack .NET Developer,Smart Working Solutions,https://remoteok.comhttps://remoteOK.com/remote-jobs/remote-full-stack-net-developer-smart-working-solutions-1093245,,,,,,,,,,,,,
AI Technical Program Manager,Dscout,https://remoteok.comhttps://remoteOK.com/remote-jobs/remote-ai-technical-program-manager-dscout-1093243,,,,,,,,,,,,,
Implementation Specialist,Distru,https://remoteok.comhttps://remoteOK.com/remote-jobs/remote-implementation-specialist-distru-1093242,,,,,,,,,,,,,
Certified Medical Assistant,Everly Health,https://remoteok.comhttps://remoteOK.com/remote-jobs/remote-certified-medical-assistant-everly-health-1093241,,,,,,,,,,,,,
Research Analyst Law Librarian,"ACCUFILE, INC.",https://remoteok.comhttps://remoteOK.com/remote-jobs/remote-research-analyst-law-librarian-accufile-inc-1093240,,,,,,,,,,,,,
